"RK",TIERS,"PLAYER NAME",TEAM,"POS","BYE WEEK","UPSIDE ","BUST ","SOS SEASON","ECR VS. ADP"
"1",1,"Josh Allen",BUF,"QB1","7","Coach Upside rating","Coach Bust rating","3 out of 5 stars","-"
"2",1,"Lamar Jackson",BAL,"QB2","13","Coach Upside rating","Coach Bust rating","3 out of 5 stars","-"
"3",1,"Drake Maye",NE,"QB3","11","Coach Upside rating","Coach Bust rating","2 out of 5 stars","-"
"4",1,"Joe Burrow",CIN,"QB4","6","Coach Upside rating","Coach Bust rating","3 out of 5 stars","-"
"5",2,"Jayden Daniels",WAS,"QB5","7","Coach Upside rating","Coach Bust rating","2 out of 5 stars","-"
"6",2,"Ja'Marr Chase",CIN,"WR1","6","Coach Upside rating","Coach Bust rating","4 out of 5 stars","-"
"7",2,"Jalen Hurts",PHI,"QB6","10","Coach Upside rating","Coach Bust rating","5 out of 5 stars","-"
"8",2,"Puka Nacua",LAR,"WR2","11","Coach Upside rating","Coach Bust rating","1 out of 5 stars","-"
"9",2,"Caleb Williams",CHI,"QB7","10","Coach Upside rating","Coach Bust rating","3 out of 5 stars","-"
"10",2,"Bijan Robinson",ATL,"RB1","11","Coach Upside rating","Coach Bust rating","2 out of 5 stars","-"
"11",2,"Justin Herbert",LAC,"QB8","7","Coach Upside rating","Coach Bust rating","2 out of 5 stars","-"
"12",2,"Jahmyr Gibbs",DET,"RB2","6","Coach Upside rating","Coach Bust rating","5 out of 5 stars","-"
"13",2,"Jaxon Smith-Njigba",SEA,"WR3","11","Coach Upside rating","Coach Bust rating","3 out of 5 stars","-"
"14",3,"Dak Prescott",DAL,"QB9","14","Coach Upside rating","Coach Bust rating","2 out of 5 stars","-"
"15",3,"Amon-Ra St. Brown",DET,"WR4","6","Coach Upside rating","Coach Bust rating","4 out of 5 stars","-"
"16",3,"Trevor Lawrence",JAC,"QB10","7","Coach Upside rating","Coach Bust rating","4 out of 5 stars","-"
"17",3,"Christian McCaffrey",SF,"RB3","8","Coach Upside rating","Coach Bust rating","2 out of 5 stars","-"
"18",3,"Jaxson Dart",NYG,"QB11","8","Coach Upside rating","Coach Bust rating","4 out of 5 stars","-"
"19",3,"CeeDee Lamb",DAL,"WR5","14","Coach Upside rating","Coach Bust rating","2 out of 5 stars","-"
"20",3,"Brock Purdy",SF,"QB12","8","Coach Upside rating","Coach Bust rating","1 out of 5 stars","-"
"21",3,"Justin Jefferson",MIN,"WR6","6","Coach Upside rating","Coach Bust rating","5 out of 5 stars","-"
"22",4,"Jonathan Taylor",IND,"RB4","13","Coach Upside rating","Coach Bust rating","4 out of 5 stars","-"
"23",4,"Drake London",ATL,"WR7","11","Coach Upside rating","Coach Bust rating","3 out of 5 stars","-"
"24",4,"Bo Nix",DEN,"QB13","10","Coach Upside rating","Coach Bust rating","3 out of 5 stars","-"
"25",4,"Patrick Mahomes II",KC,"QB14","5","Coach Upside rating","Coach Bust rating","2 out of 5 stars","-"
"26",4,"Nico Collins",HOU,"WR8","8","Coach Upside rating","Coach Bust rating","3 out of 5 stars","-"
"",4
"27",4,"A.J. Brown",NE,"WR9","11","Coach Upside rating","Coach Bust rating","2 out of 5 stars","-"
"28",4,"Matthew Stafford",LAR,"QB15","11","Coach Upside rating","Coach Bust rating","3 out of 5 stars","-"
"29",4,"Ashton Jeanty",LV,"RB5","13","Coach Upside rating","Coach Bust rating","2 out of 5 stars","-"
"30",4,"George Pickens",DAL,"WR10","14","Coach Upside rating","Coach Bust rating","2 out of 5 stars","-"
"31",5,"Jared Goff",DET,"QB16","6","Coach Upside rating","Coach Bust rating","5 out of 5 stars","-"
"32",5,"De'Von Achane",MIA,"RB6","6","Coach Upside rating","Coach Bust rating","3 out of 5 stars","-"
"33",5,"Trey McBride",ARI,"TE1","14","Coach Upside rating","Coach Bust rating","2 out of 5 stars","-"
"34",5,"James Cook III",BUF,"RB7","7","Coach Upside rating","Coach Bust rating","2 out of 5 stars","-"
"35",5,"Chris Olave",NO,"WR11","8","Coach Upside rating","Coach Bust rating","3 out of 5 stars","-"
"36",5,"Chase Brown",CIN,"RB8","6","Coach Upside rating","Coach Bust rating","2 out of 5 stars","-"
"37",5,"Rashee Rice",KC,"WR12","5","Coach Upside rating","Coach Bust rating","2 out of 5 stars","-"
"38",5,"Brock Bowers",LV,"TE2","13","Coach Upside rating","Coach Bust rating","3 out of 5 stars","-"
"39",5,"Kyler Murray",MIN,"QB17","6","Coach Upside rating","Coach Bust rating","5 out of 5 stars","-"
"40",5,"Omarion Hampton",LAC,"RB9","7","Coach Upside rating","Coach Bust rating","3 out of 5 stars","-"
"41",5,"DeVonta Smith",PHI,"WR13","10","Coach Upside rating","Coach Bust rating","4 out of 5 stars","-"
"42",5,"Saquon Barkley",PHI,"RB10","10","Coach Upside rating","Coach Bust rating","4 out of 5 stars","-"
"43",5,"Jordan Love",GB,"QB18","11","Coach Upside rating","Coach Bust rating","4 out of 5 stars","-"
"44",5,"Tetairoa McMillan",CAR,"WR14","5","Coach Upside rating","Coach Bust rating","2 out of 5 stars","-"
"45",5,"Garrett Wilson",NYJ,"WR15","13","Coach Upside rating","Coach Bust rating","4 out of 5 stars","-"
"46",5,"Baker Mayfield",TB,"QB19","10","Coach Upside rating","Coach Bust rating","2 out of 5 stars","-"
"47",6,"Kenneth Walker III",KC,"RB11","5","Coach Upside rating","Coach Bust rating","3 out of 5 stars","-"
"48",6,"Zay Flowers",BAL,"WR16","13","Coach Upside rating","Coach Bust rating","4 out of 5 stars","-"
"49",6,"Tee Higgins",CIN,"WR17","6","Coach Upside rating","Coach Bust rating","4 out of 5 stars","-"
"50",6,"Tyler Shough",NO,"QB20","8","Coach Upside rating","Coach Bust rating","3 out of 5 stars","-"
"51",6,"Ladd McConkey",LAC,"WR18","7","Coach Upside rating","Coach Bust rating","2 out of 5 stars","-"
"52",6,"Malik Nabers",NYG,"WR19","8","Coach Upside rating","Coach Bust rating","4 out of 5 stars","-"
"53",6,"Malik Willis",MIA,"QB21","6","Coach Upside rating","Coach Bust rating","3 out of 5 stars","-"
"54",6,"Jeremiyah Love",ARI,"RB12","14","Coach Upside rating","Coach Bust rating","2 out of 5 stars","-"
"55",6,"Colston Loveland",CHI,"TE3","10","Coach Upside rating","Coach Bust rating","2 out of 5 stars","-"
"56",6,"Derrick Henry",BAL,"RB13","13","Coach Upside rating","Coach Bust rating","3 out of 5 stars","-"
"57",6,"Jaylen Waddle",DEN,"WR20","10","Coach Upside rating","Coach Bust rating","2 out of 5 stars","-"
"58",6,"Emeka Egbuka",TB,"WR21","10","Coach Upside rating","Coach Bust rating","4 out of 5 stars","-"
"59",6,"Breece Hall",NYJ,"RB14","13","Coach Upside rating","Coach Bust rating","3 out of 5 stars","-"
"60",6,"C.J. Stroud",HOU,"QB22","8","Coach Upside rating","Coach Bust rating","4 out of 5 stars","-"
"61",6,"Terry McLaurin",WAS,"WR22","7","Coach Upside rating","Coach Bust rating","2 out of 5 stars","-"
"62",6,"Kyren Williams",LAR,"RB15","11","Coach Upside rating","Coach Bust rating","5 out of 5 stars","-"
"63",6,"Josh Jacobs",GB,"RB16","11","Coach Upside rating","Coach Bust rating","4 out of 5 stars","-"
"64",6,"Luther Burden III",CHI,"WR23","10","Coach Upside rating","Coach Bust rating","3 out of 5 stars","-"
"65",6,"Sam Darnold",SEA,"QB23","11","Coach Upside rating","Coach Bust rating","4 out of 5 stars","-"
"66",7,"Cam Ward",TEN,"QB24","9","Coach Upside rating","Coach Bust rating","3 out of 5 stars","-"
"67",7,"Javonte Williams",DAL,"RB17","14","Coach Upside rating","Coach Bust rating","4 out of 5 stars","-"
"68",7,"Travis Etienne Jr.",NO,"RB18","8","Coach Upside rating","Coach Bust rating","3 out of 5 stars","-"
"69",7,"Davante Adams",LAR,"WR24","11","Coach Upside rating","Coach Bust rating","1 out of 5 stars","-"
"70",7,"Daniel Jones",IND,"QB25","13","Coach Upside rating","Coach Bust rating","4 out of 5 stars","-"
"71",7,"DJ Moore",BUF,"WR25","7","Coach Upside rating","Coach Bust rating","4 out of 5 stars","-"
"72",7,"Mike Evans",SF,"WR26","8","Coach Upside rating","Coach Bust rating","2 out of 5 stars","-"
"73",7,"Jameson Williams",DET,"WR27","6","Coach Upside rating","Coach Bust rating","4 out of 5 stars","-"
"74",7,"Tyler Warren",IND,"TE4","13","Coach Upside rating","Coach Bust rating","3 out of 5 stars","-"
"75",7,"Cam Skattebo",NYG,"RB19","8","Coach Upside rating","Coach Bust rating","4 out of 5 stars","-"
"76",7,"Bryce Young",CAR,"QB26","5","Coach Upside rating","Coach Bust rating","2 out of 5 stars","-"
"77",7,"Christian Watson",GB,"WR28","11","Coach Upside rating","Coach Bust rating","5 out of 5 stars","-"
"78",7,"Bucky Irving",TB,"RB20","10","Coach Upside rating","Coach Bust rating","2 out of 5 stars","-"
"79",7,"Rome Odunze",CHI,"WR29","10","Coach Upside rating","Coach Bust rating","3 out of 5 stars","-"
"80",7,"TreVeyon Henderson",NE,"RB21","11","Coach Upside rating","Coach Bust rating","2 out of 5 stars","-"
"81",7,"Quinshon Judkins",CLE,"RB22","11","Coach Upside rating","Coach Bust rating","3 out of 5 stars","-"
"82",7,"D'Andre Swift",CHI,"RB23","10","Coach Upside rating","Coach Bust rating","2 out of 5 stars","-"
"83",7,"Carnell Tate",TEN,"WR30","9","Coach Upside rating","Coach Bust rating","3 out of 5 stars","-"
"84",7,"David Montgomery",HOU,"RB24","8","Coach Upside rating","Coach Bust rating","4 out of 5 stars","-"
"85",7,"Marvin Harrison Jr.",ARI,"WR31","14","Coach Upside rating","Coach Bust rating","2 out of 5 stars","-"
"86",8,"Jacoby Brissett",ARI,"QB27","14","Coach Upside rating","Coach Bust rating","2 out of 5 stars","-"
"87",8,"Tucker Kraft",GB,"TE5","11","Coach Upside rating","Coach Bust rating","2 out of 5 stars","-"
"88",8,"Jaylen Warren",PIT,"RB25","9","Coach Upside rating","Coach Bust rating","2 out of 5 stars","-"
"89",8,"Bhayshul Tuten",JAC,"RB26","7","Coach Upside rating","Coach Bust rating","4 out of 5 stars","-"
"90",8,"DK Metcalf",PIT,"WR32","9","Coach Upside rating","Coach Bust rating","3 out of 5 stars","-"
"",8
"91",8,"Harold Fannin Jr.",CLE,"TE6","11","Coach Upside rating","Coach Bust rating","3 out of 5 stars","-"
"92",8,"Alec Pierce",IND,"WR33","13","Coach Upside rating","Coach Bust rating","4 out of 5 stars","-"
"93",8,"Courtland Sutton",DEN,"WR34","10","Coach Upside rating","Coach Bust rating","2 out of 5 stars","-"
"94",8,"Jadarian Price",SEA,"RB27","11","Coach Upside rating","Coach Bust rating","4 out of 5 stars","-"
"95",8,"Brian Thomas Jr.",JAC,"WR35","7","Coach Upside rating","Coach Bust rating","4 out of 5 stars","-"
"96",8,"Kyle Pitts Sr.",ATL,"TE7","11","Coach Upside rating","Coach Bust rating","3 out of 5 stars","-"
"97",8,"Chris Godwin Jr.",TB,"WR36","10","Coach Upside rating","Coach Bust rating","4 out of 5 stars","-"
"98",8,"Rhamondre Stevenson",NE,"RB28","11","Coach Upside rating","Coach Bust rating","2 out of 5 stars","-"
"99",8,"Michael Pittman Jr.",PIT,"WR37","9","Coach Upside rating","Coach Bust rating","3 out of 5 stars","-"
"100",8,"Chuba Hubbard",CAR,"RB29","5","Coach Upside rating","Coach Bust rating","1 out of 5 stars","-"
"101",8,"Tony Pollard",TEN,"RB30","9","Coach Upside rating","Coach Bust rating","3 out of 5 stars","-"
"102",8,"RJ Harvey",DEN,"RB31","10","Coach Upside rating","Coach Bust rating","2 out of 5 stars","-"
"103",8,"Jordyn Tyson",NO,"WR38","8","Coach Upside rating","Coach Bust rating","3 out of 5 stars","-"
"104",8,"Wan'Dale Robinson",TEN,"WR39","9","Coach Upside rating","Coach Bust rating","3 out of 5 stars","-"
"105",8,"Sam LaPorta",DET,"TE8","6","Coach Upside rating","Coach Bust rating","3 out of 5 stars","-"
"106",8,"Rico Dowdle",PIT,"RB32","9","Coach Upside rating","Coach Bust rating","2 out of 5 stars","-"
"107",8,"Michael Wilson",ARI,"WR40","14","Coach Upside rating–No rating available","Coach Bust rating–No rating available","2 out of 5 stars","-"
"108",8,"Parker Washington",JAC,"WR41","7","Coach Upside rating","Coach Bust rating","4 out of 5 stars","-"
"109",8,"Jakobi Meyers",JAC,"WR42","7","Coach Upside rating","Coach Bust rating","4 out of 5 stars","-"
"110",8,"Josh Downs",IND,"WR43","13","Coach Upside rating","Coach Bust rating","4 out of 5 stars","-"
"111",8,"Makai Lemon",PHI,"WR44","10","Coach Upside rating","Coach Bust rating","4 out of 5 stars","-"
"112",8,"Travis Kelce",KC,"TE9","5","Coach Upside rating","Coach Bust rating","4 out of 5 stars","-"
"113",9,"Kyle Monangai",CHI,"RB33","10","Coach Upside rating","Coach Bust rating","2 out of 5 stars","-"
"114",9,"Ricky Pearsall",SF,"WR45","8","Coach Upside rating","Coach Bust rating","2 out of 5 stars","-"
"115",9,"Kenny Gainwell",TB,"RB34","10","Coach Upside rating","Coach Bust rating","2 out of 5 stars","-"
"116",9,"Geno Smith",NYJ,"QB28","13","Coach Upside rating–No rating available","Coach Bust rating–No rating available","4 out of 5 stars","-"
"117",9,"Quentin Johnston",LAC,"WR46","7","Coach Upside rating","Coach Bust rating","2 out of 5 stars","-"
"118",9,"Jake Ferguson",DAL,"TE10","14","Coach Upside rating","Coach Bust rating","2 out of 5 stars","-"
"119",9,"Jordan Addison",MIN,"WR47","6","Coach Upside rating","Coach Bust rating","5 out of 5 stars","-"
"120",9,"George Kittle",SF,"TE11","8","Coach Upside rating","Coach Bust rating","3 out of 5 stars","-"
"121",9,"J.K. Dobbins",DEN,"RB35","10","Coach Upside rating","Coach Bust rating","2 out of 5 stars","-"
"122",9,"Aaron Rodgers",PIT,"QB29","9","Coach Upside rating–No rating available","Coach Bust rating–No rating available","2 out of 5 stars","-"
"123",9,"Aaron Jones Sr.",MIN,"RB36","6","Coach Upside rating","Coach Bust rating","4 out of 5 stars","-"
"124",9,"Blake Corum",LAR,"RB37","11","Coach Upside rating","Coach Bust rating","5 out of 5 stars","-"
"125",9,"Jayden Reed",GB,"WR48","11","Coach Upside rating","Coach Bust rating","5 out of 5 stars","-"
"126",9,"Rachaad White",WAS,"RB38","7","Coach Upside rating","Coach Bust rating","4 out of 5 stars","-"
"127",9,"Dalton Kincaid",BUF,"TE12","7","Coach Upside rating","Coach Bust rating","3 out of 5 stars","-"
"128",9,"Khalil Shakir",BUF,"WR49","7","Coach Upside rating","Coach Bust rating","4 out of 5 stars","-"
"129",9,"Isaiah Likely",NYG,"TE13","8","Coach Upside rating","Coach Bust rating","3 out of 5 stars","-"
"130",9,"Jayden Higgins",HOU,"WR50","8","Coach Upside rating","Coach Bust rating","3 out of 5 stars","-"
"131",9,"Xavier Worthy",KC,"WR51","5","Coach Upside rating","Coach Bust rating","2 out of 5 stars","-"
"132",9,"Dallas Goedert",PHI,"TE14","10","Coach Upside rating","Coach Bust rating","4 out of 5 stars","-"
"133",9,"Jacory Croskey-Merritt",WAS,"RB39","7","Coach Upside rating","Coach Bust rating","4 out of 5 stars","-"
"134",9,"Jordan Mason",MIN,"RB40","6","Coach Upside rating","Coach Bust rating","4 out of 5 stars","-"
"135",9,"Fernando Mendoza",LV,"QB30","13","Coach Upside rating–No rating available","Coach Bust rating–No rating available","1 out of 5 stars","-"
"136",9,"KC Concepcion",CLE,"WR52","11","Coach Upside rating","Coach Bust rating","3 out of 5 stars","-"
"137",9,"Romeo Doubs",NE,"WR53","11","Coach Upside rating","Coach Bust rating","2 out of 5 stars","-"
"138",9,"Jonathon Brooks",CAR,"RB41","5","Coach Upside rating","Coach Bust rating","1 out of 5 stars","-"
"139",9,"Tyrone Tracy Jr.",NYG,"RB42","8","Coach Upside rating","Coach Bust rating","4 out of 5 stars","-"
"140",9,"Mark Andrews",BAL,"TE15","13","Coach Upside rating","Coach Bust rating","4 out of 5 stars","-"
"141",9,"Jalen Coker",CAR,"WR54","5","Coach Upside rating","Coach Bust rating","2 out of 5 stars","-"
"142",9,"Woody Marks",HOU,"RB43","8","Coach Upside rating","Coach Bust rating","4 out of 5 stars","-"
"143",9,"Matthew Golden",GB,"WR55","11","Coach Upside rating","Coach Bust rating","5 out of 5 stars","-"
"144",9,"Tyler Allgeier",ARI,"RB44","14","Coach Upside rating","Coach Bust rating","2 out of 5 stars","-"
"145",9,"Zach Charbonnet",SEA,"RB45","11","Coach Upside rating","Coach Bust rating","4 out of 5 stars","-"
"146",10,"Tyjae Spears",TEN,"RB46","9","Coach Upside rating","Coach Bust rating","3 out of 5 stars","-"
"147",10,"Chris Rodriguez Jr.",JAC,"RB47","7","Coach Upside rating","Coach Bust rating","4 out of 5 stars","-"
"148",10,"Dylan Sampson",CLE,"RB48","11","Coach Upside rating","Coach Bust rating","3 out of 5 stars","-"
"149",10,"Juwan Johnson",NO,"TE16","8","Coach Upside rating","Coach Bust rating","2 out of 5 stars","-"
"150",10,"Isiah Pacheco",DET,"RB49","6","Coach Upside rating","Coach Bust rating","5 out of 5 stars","-"
"151",10,"Alvin Kamara",NO,"RB50","8","Coach Upside rating","Coach Bust rating","3 out of 5 stars","-"
"152",10,"Rashid Shaheed",SEA,"WR56","11","Coach Upside rating","Coach Bust rating","3 out of 5 stars","-"
"153",10,"Brenton Strange",JAC,"TE17","7","Coach Upside rating","Coach Bust rating","3 out of 5 stars","-"
"154",10,"Jerry Jeudy",CLE,"WR57","11","Coach Upside rating","Coach Bust rating","3 out of 5 stars","-"
"155",10,"Omar Cooper Jr.",NYJ,"WR58","13","Coach Upside rating","Coach Bust rating","4 out of 5 stars","-"
"156",10,"Jauan Jennings",MIN,"WR59","6","Coach Upside rating","Coach Bust rating","5 out of 5 stars","-"
"157",10,"Denzel Boston",CLE,"WR60","11","Coach Upside rating","Coach Bust rating","3 out of 5 stars","-"
"158",10,"Oronde Gadsden II",LAC,"TE18","7","Coach Upside rating","Coach Bust rating","4 out of 5 stars","-"
"159",10,"Chig Okonkwo",WAS,"TE19","7","Coach Upside rating","Coach Bust rating","1 out of 5 stars","-"
"160",10,"Hunter Henry",NE,"TE20","11","Coach Upside rating","Coach Bust rating","4 out of 5 stars","-"
"161",10,"Tua Tagovailoa",ATL,"QB31","11","Coach Upside rating–No rating available","Coach Bust rating–No rating available","4 out of 5 stars","-"
"162",10,"Keaton Mitchell",LAC,"RB51","7","Coach Upside rating","Coach Bust rating","3 out of 5 stars","-"
"163",10,"Michael Penix Jr.",ATL,"QB32","11","Coach Upside rating–No rating available","Coach Bust rating–No rating available","4 out of 5 stars","-"
"164",10,"Jonah Coleman",DEN,"RB52","10","Coach Upside rating","Coach Bust rating","2 out of 5 stars","-"
"165",10,"Adonai Mitchell",NYJ,"WR61","13","Coach Upside rating","Coach Bust rating","4 out of 5 stars","-"
"166",10,"Tre Tucker",LV,"WR62","13","Coach Upside rating","Coach Bust rating","2 out of 5 stars","-"
"167",10,"Jalen McMillan",TB,"WR63","10","Coach Upside rating","Coach Bust rating","4 out of 5 stars","-"
"168",10,"Dalton Schultz",HOU,"TE21","8","Coach Upside rating","Coach Bust rating","4 out of 5 stars","-"
"169",10,"Tank Bigsby",PHI,"RB53","10","Coach Upside rating","Coach Bust rating","4 out of 5 stars","-"
"170",10,"Travis Hunter",JAC,"WR64","7","Coach Upside rating","Coach Bust rating","4 out of 5 stars","-"
"171",10,"Brian Robinson Jr.",ATL,"RB54","11","Coach Upside rating","Coach Bust rating","2 out of 5 stars","-"
"172",10,"Tre' Harris",LAC,"WR65","7","Coach Upside rating","Coach Bust rating","2 out of 5 stars","-"
"173",10,"Braelon Allen",NYJ,"RB55","13","Coach Upside rating","Coach Bust rating","3 out of 5 stars","-"
"174",10,"T.J. Hockenson",MIN,"TE22","6","Coach Upside rating","Coach Bust rating","4 out of 5 stars","-"
"175",10,"Troy Franklin",DEN,"WR66","10","Coach Upside rating","Coach Bust rating","2 out of 5 stars","-"
"176",10,"Ryan Flournoy",DAL,"WR67","14","Coach Upside rating","Coach Bust rating","2 out of 5 stars","-"
"177",10,"Kayshon Boutte",NE,"WR68","11","Coach Upside rating","Coach Bust rating","2 out of 5 stars","-"
"178",10,"Stefon Diggs",FA,"WR69","-","Coach Upside rating","Coach Bust rating","-","-"
"179",10,"James Conner",ARI,"RB56","14","Coach Upside rating","Coach Bust rating","2 out of 5 stars","-"
"180",11,"Emanuel Wilson",SEA,"RB57","11","Coach Upside rating","Coach Bust rating","4 out of 5 stars","-"
"181",11,"Jaylin Noel",HOU,"WR70","8","Coach Upside rating","Coach Bust rating","3 out of 5 stars","-"
"182",11,"Calvin Ridley",TEN,"WR71","9","Coach Upside rating","Coach Bust rating","3 out of 5 stars","-"
"183",11,"AJ Barner",SEA,"TE23","11","Coach Upside rating","Coach Bust rating","3 out of 5 stars","-"
"184",11,"Isaac TeSlaa",DET,"WR72","6","Coach Upside rating","Coach Bust rating","4 out of 5 stars","-"
"185",11,"Kenyon Sadiq",NYJ,"TE24","13","Coach Upside rating","Coach Bust rating","4 out of 5 stars","-"
"186",11,"Darnell Mooney",NYG,"WR73","8","Coach Upside rating","Coach Bust rating","4 out of 5 stars","-"
"187",11,"Ray Davis",BUF,"RB58","7","Coach Upside rating–No rating available","Coach Bust rating–No rating available","2 out of 5 stars","-"
"188",11,"Kimani Vidal",LAC,"RB59","7","Coach Upside rating–No rating available","Coach Bust rating–No rating available","3 out of 5 stars","-"
"189",11,"Jalen Nailor",LV,"WR74","13","Coach Upside rating–No rating available","Coach Bust rating–No rating available","2 out of 5 stars","-"
"190",11,"Gunnar Helm",TEN,"TE25","9","Coach Upside rating","Coach Bust rating","3 out of 5 stars","-"
"191",11,"Malik Washington",MIA,"WR75","6","Coach Upside rating","Coach Bust rating","3 out of 5 stars","-"
"192",11,"Deebo Samuel Sr.",FA,"WR76","-","Coach Upside rating–No rating available","Coach Bust rating–No rating available","-","-"
"193",11,"Pat Bryant",DEN,"WR77","10","Coach Upside rating–No rating available","Coach Bust rating–No rating available","2 out of 5 stars","-"
"194",11,"Shedeur Sanders",CLE,"QB33","11","Coach Upside rating–No rating available","Coach Bust rating–No rating available","4 out of 5 stars","-"
"195",11,"Dontayvion Wicks",PHI,"WR78","10","Coach Upside rating–No rating available","Coach Bust rating–No rating available","4 out of 5 stars","-"
"196",11,"Emmett Johnson",KC,"RB60","5","Coach Upside rating","Coach Bust rating","3 out of 5 stars","-"
"197",11,"Antonio Williams",WAS,"WR79","7","Coach Upside rating–No rating available","Coach Bust rating–No rating available","2 out of 5 stars","-"
"198",11,"Mike Washington Jr.",LV,"RB61","13","Coach Upside rating","Coach Bust rating","2 out of 5 stars","-"
"199",11,"Sean Tucker",TB,"RB62","10","Coach Upside rating","Coach Bust rating","2 out of 5 stars","-"
"200",11,"Tank Dell",HOU,"WR80","8","Coach Upside rating","Coach Bust rating","3 out of 5 stars","-"
"201",11,"Nicholas Singleton",TEN,"RB63","9","Coach Upside rating","Coach Bust rating","3 out of 5 stars","-"
"202",11,"Cooper Kupp",SEA,"WR81","11","Coach Upside rating–No rating available","Coach Bust rating–No rating available","3 out of 5 stars","-"
"203",11,"Chimere Dike",TEN,"WR82","9","Coach Upside rating","Coach Bust rating","3 out of 5 stars","-"
"204",11,"Deshaun Watson",CLE,"QB34","11","Coach Upside rating–No rating available","Coach Bust rating–No rating available","4 out of 5 stars","-"
"205",11,"Rashod Bateman",BAL,"WR83","13","Coach Upside rating–No rating available","Coach Bust rating–No rating available","4 out of 5 stars","-"
"206",11,"De'Zhaun Stribling",SF,"WR84","8","Coach Upside rating","Coach Bust rating","2 out of 5 stars","-"
"207",11,"Kaytron Allen",WAS,"RB64","7","Coach Upside rating","Coach Bust rating","4 out of 5 stars","-"
"208",11,"Germie Bernard",PIT,"WR85","9","Coach Upside rating–No rating available","Coach Bust rating–No rating available","3 out of 5 stars","-"
"209",11,"Pat Freiermuth",PIT,"TE26","9","Coach Upside rating","Coach Bust rating","2 out of 5 stars","-"
"210",11,"Jaylen Wright",MIA,"RB65","6","Coach Upside rating–No rating available","Coach Bust rating–No rating available","3 out of 5 stars","-"
"211",11,"Cade Otton",TB,"TE27","10","Coach Upside rating–No rating available","Coach Bust rating–No rating available","2 out of 5 stars","-"
"212",11,"Brandon Aiyuk",SF,"WR86","8","Coach Upside rating","Coach Bust rating","2 out of 5 stars","-"
"213",11,"David Njoku",LAC,"TE28","7","Coach Upside rating","Coach Bust rating","4 out of 5 stars","-"
"214",11,"Zachariah Branch",ATL,"WR87","11","Coach Upside rating–No rating available","Coach Bust rating–No rating available","3 out of 5 stars","-"
"215",11,"Jack Bech",LV,"WR88","13","Coach Upside rating–No rating available","Coach Bust rating–No rating available","2 out of 5 stars","-"
"216",11,"Terrance Ferguson",LAR,"TE29","11","Coach Upside rating","Coach Bust rating","4 out of 5 stars","-"
"217",11,"Ted Hurst III",TB,"WR89","10","Coach Upside rating–No rating available","Coach Bust rating–No rating available","4 out of 5 stars","-"
"218",11,"Justice Hill",BAL,"RB66","13","Coach Upside rating–No rating available","Coach Bust rating–No rating available","3 out of 5 stars","-"
"219",11,"Colby Parkinson",LAR,"TE30","11","Coach Upside rating–No rating available","Coach Bust rating–No rating available","4 out of 5 stars","-"
"220",11,"Elic Ayomanor",TEN,"WR90","9","Coach Upside rating–No rating available","Coach Bust rating–No rating available","3 out of 5 stars","-"
"221",11,"Kirk Cousins",LV,"QB35","13","Coach Upside rating–No rating available","Coach Bust rating–No rating available","1 out of 5 stars","-"
"222",12,"Ollie Gordon II",MIA,"RB67","6","Coach Upside rating–No rating available","Coach Bust rating–No rating available","3 out of 5 stars","-"
"223",12,"Keon Coleman",BUF,"WR91","7","Coach Upside rating–No rating available","Coach Bust rating–No rating available","4 out of 5 stars","-"
"224",12,"Evan Engram",DEN,"TE31","10","Coach Upside rating–No rating available","Coach Bust rating–No rating available","4 out of 5 stars","-"
"225",12,"MarShawn Lloyd",GB,"RB68","11","Coach Upside rating–No rating available","Coach Bust rating–No rating available","4 out of 5 stars","-"
"226",12,"Ty Johnson",BUF,"RB69","7","Coach Upside rating–No rating available","Coach Bust rating–No rating available","2 out of 5 stars","-"
"227",12,"Elijah Sarratt",BAL,"WR92","13","Coach Upside rating–No rating available","Coach Bust rating–No rating available","4 out of 5 stars","-"
"228",12,"Chris Bell",MIA,"WR93","6","Coach Upside rating–No rating available","Coach Bust rating–No rating available","3 out of 5 stars","-"
"229",12,"Christian Kirk",SF,"WR94","8","Coach Upside rating–No rating available","Coach Bust rating–No rating available","2 out of 5 stars","-"
"230",12,"Tyreek Hill",FA,"WR95","-","Coach Upside rating–No rating available","Coach Bust rating–No rating available","-","-"
"231",12,"DJ Giddens",IND,"RB70","13","Coach Upside rating–No rating available","Coach Bust rating–No rating available","4 out of 5 stars","-"
"232",12,"Malachi Fields",NYG,"WR96","8","Coach Upside rating–No rating available","Coach Bust rating–No rating available","4 out of 5 stars","-"
"233",12,"Eli Stowers",PHI,"TE32","10","Coach Upside rating–No rating available","Coach Bust rating–No rating available","4 out of 5 stars","-"
"234",12,"Tory Horton",SEA,"WR97","11","Coach Upside rating–No rating available","Coach Bust rating–No rating available","3 out of 5 stars","-"
"235",12,"Marvin Mims Jr.",DEN,"WR98","10","Coach Upside rating–No rating available","Coach Bust rating–No rating available","2 out of 5 stars","-"
"236",12,"Jaydon Blue",DAL,"RB71","14","Coach Upside rating–No rating available","Coach Bust rating–No rating available","4 out of 5 stars","-"
"237",12,"Mason Taylor",NYJ,"TE33","13","Coach Upside rating–No rating available","Coach Bust rating–No rating available","4 out of 5 stars","-"
"238",12,"Chris Brooks",GB,"RB72","11","Coach Upside rating–No rating available","Coach Bust rating–No rating available","4 out of 5 stars","-"
"239",12,"Theo Johnson",NYG,"TE34","8","Coach Upside rating–No rating available","Coach Bust rating–No rating available","3 out of 5 stars","-"
"240",12,"Isaiah Davis",NYJ,"RB73","13","Coach Upside rating–No rating available","Coach Bust rating–No rating available","3 out of 5 stars","-"
"241",12,"Darius Slayton",NYG,"WR99","8","Coach Upside rating–No rating available","Coach Bust rating–No rating available","4 out of 5 stars","-"
"242",12,"Chris Brazzell II",CAR,"WR100","5","Coach Upside rating–No rating available","Coach Bust rating–No rating available","2 out of 5 stars","-"
"243",12,"Greg Dulcich",MIA,"TE35","6","Coach Upside rating–No rating available","Coach Bust rating–No rating available","5 out of 5 stars","-"
"244",12,"Xavier Legette",CAR,"WR101","5","Coach Upside rating–No rating available","Coach Bust rating–No rating available","2 out of 5 stars","-"
"245",12,"Samaje Perine",CIN,"RB74","6","Coach Upside rating–No rating available","Coach Bust rating–No rating available","2 out of 5 stars","-"
"246",12,"Trey Benson",ARI,"RB75","14","Coach Upside rating–No rating available","Coach Bust rating–No rating available","2 out of 5 stars","-"
"247",12,"Jordan James",SF,"RB76","8","Coach Upside rating–No rating available","Coach Bust rating–No rating available","2 out of 5 stars","-"
"248",12,"LeQuint Allen Jr.",JAC,"RB77","7","Coach Upside rating–No rating available","Coach Bust rating–No rating available","4 out of 5 stars","-"
"249",12,"Demond Claiborne",MIN,"RB78","6","Coach Upside rating–No rating available","Coach Bust rating–No rating available","4 out of 5 stars","-"
"250",12,"Devin Neal",NO,"RB79","8","Coach Upside rating–No rating available","Coach Bust rating–No rating available","3 out of 5 stars","-"
"251",12,"Kaleb Johnson",PIT,"RB80","9","Coach Upside rating–No rating available","Coach Bust rating–No rating available","2 out of 5 stars","-"
"252",12,"Malik Davis",DAL,"RB81","14","Coach Upside rating–No rating available","Coach Bust rating–No rating available","4 out of 5 stars","-"
"253",12,"Tyquan Thornton",KC,"WR102","5","Coach Upside rating–No rating available","Coach Bust rating–No rating available","2 out of 5 stars","-"
"254",12,"George Holani",SEA,"RB82","11","Coach Upside rating–No rating available","Coach Bust rating–No rating available","4 out of 5 stars","-"
"255",12,"Seth McGowan",IND,"RB83","13","Coach Upside rating–No rating available","Coach Bust rating–No rating available","4 out of 5 stars","-"
"256",12,"Devaughn Vele",NO,"WR103","8","Coach Upside rating–No rating available","Coach Bust rating–No rating available","3 out of 5 stars","-"
"257",12,"Kyle Williams",NE,"WR104","11","Coach Upside rating–No rating available","Coach Bust rating–No rating available","2 out of 5 stars","-"
"258",12,"Brashard Smith",KC,"RB84","5","Coach Upside rating–No rating available","Coach Bust rating–No rating available","3 out of 5 stars","-"
"259",12,"Keenan Allen",LAC,"WR105","7","Coach Upside rating–No rating available","Coach Bust rating–No rating available","2 out of 5 stars","-"
"260",12,"Mack Hollins",NE,"WR106","11","Coach Upside rating–No rating available","Coach Bust rating–No rating available","2 out of 5 stars","-"
"261",12,"Hollywood Brown",PHI,"WR107","10","Coach Upside rating–No rating available","Coach Bust rating–No rating available","4 out of 5 stars","-"
"262",12,"Kaelon Black",SF,"RB85","8","Coach Upside rating–No rating available","Coach Bust rating–No rating available","2 out of 5 stars","-"
"263",12,"Mike Gesicki",CIN,"TE36","6","Coach Upside rating–No rating available","Coach Bust rating–No rating available","3 out of 5 stars","-"
"264",12,"Devin Singletary",NYG,"RB86","8","Coach Upside rating–No rating available","Coach Bust rating–No rating available","4 out of 5 stars","-"
"265",12,"Oscar Delp",NO,"TE37","8","Coach Upside rating–No rating available","Coach Bust rating–No rating available","2 out of 5 stars","-"
"266",12,"Emari Demercado",KC,"RB87","5","Coach Upside rating–No rating available","Coach Bust rating–No rating available","3 out of 5 stars","-"
"267",12,"Jerome Ford",WAS,"RB88","7","Coach Upside rating–No rating available","Coach Bust rating–No rating available","4 out of 5 stars","-"
"268",12,"Kendre Miller",NO,"RB89","8","Coach Upside rating–No rating available","Coach Bust rating–No rating available","3 out of 5 stars","-"
"269",12,"Jaleel McLaughlin",DEN,"RB90","10","Coach Upside rating–No rating available","Coach Bust rating–No rating available","2 out of 5 stars","-"
"270",12,"Najee Harris",LAC,"RB91","7","Coach Upside rating–No rating available","Coach Bust rating–No rating available","3 out of 5 stars","-"
"271",12,"Isaiah Bond",CLE,"WR108","11","Coach Upside rating–No rating available","Coach Bust rating–No rating available","3 out of 5 stars","-"
"272",12,"Adam Randall",BAL,"RB92","13","Coach Upside rating–No rating available","Coach Bust rating–No rating available","3 out of 5 stars","-"
"273",12,"Trevor Etienne",CAR,"RB93","5","Coach Upside rating–No rating available","Coach Bust rating–No rating available","1 out of 5 stars","-"
"274",12,"Ja'Kobi Lane",BAL,"WR109","13","Coach Upside rating–No rating available","Coach Bust rating–No rating available","4 out of 5 stars","-"
"275",13,"Jake Tonges",SF,"TE38","8","Coach Upside rating–No rating available","Coach Bust rating–No rating available","3 out of 5 stars","-"
"276",13,"Skyler Bell",BUF,"WR110","7","Coach Upside rating–No rating available","Coach Bust rating–No rating available","4 out of 5 stars","-"
"277",13,"Isaac Guerendo",SF,"RB94","8","Coach Upside rating–No rating available","Coach Bust rating–No rating available","2 out of 5 stars","-"
"278",13,"Tahj Brooks",CIN,"RB95","6","Coach Upside rating–No rating available","Coach Bust rating–No rating available","2 out of 5 stars","-"
"279",13,"Andrei Iosivas",CIN,"WR111","6","Coach Upside rating–No rating available","Coach Bust rating–No rating available","4 out of 5 stars","-"
"280",13,"Jarquez Hunter",LAR,"RB96","11","Coach Upside rating–No rating available","Coach Bust rating–No rating available","5 out of 5 stars","-"
"281",13,"Joe Mixon",FA,"RB97","-","Coach Upside rating–No rating available","Coach Bust rating–No rating available","-","-"
"282",13,"Audric Estime",NO,"RB98","8","Coach Upside rating–No rating available","Coach Bust rating–No rating available","3 out of 5 stars","-"
"283",13,"Darnell Washington",PIT,"TE39","9","Coach Upside rating–No rating available","Coach Bust rating–No rating available","2 out of 5 stars","-"
"284",13,"J.J. McCarthy",MIN,"QB36","6","Coach Upside rating–No rating available","Coach Bust rating–No rating available","5 out of 5 stars","-"
"285",13,"Will Shipley",PHI,"RB99","10","Coach Upside rating–No rating available","Coach Bust rating–No rating available","4 out of 5 stars","-"
"286",13,"Cedric Tillman",CLE,"WR112","11","Coach Upside rating–No rating available","Coach Bust rating–No rating available","3 out of 5 stars","-"
"287",13,"Konata Mumpfield",LAR,"WR113","11","Coach Upside rating–No rating available","Coach Bust rating–No rating available","1 out of 5 stars","-"
"288",13,"Kareem Hunt",FA,"RB100","-","Coach Upside rating–No rating available","Coach Bust rating–No rating available","-","-"
"289",13,"Max Klare",LAR,"TE40","11","Coach Upside rating–No rating available","Coach Bust rating–No rating available","4 out of 5 stars","-"
"290",13,"Tez Johnson",TB,"WR114","10","Coach Upside rating–No rating available","Coach Bust rating–No rating available","4 out of 5 stars","-"
"291",13,"Luke McCaffrey",WAS,"WR115","7","Coach Upside rating–No rating available","Coach Bust rating–No rating available","2 out of 5 stars","-"
"292",13,"Jalen Royals",KC,"WR116","5","Coach Upside rating–No rating available","Coach Bust rating–No rating available","2 out of 5 stars","-"
"293",13,"Caleb Douglas",MIA,"WR117","6","Coach Upside rating–No rating available","Coach Bust rating–No rating available","3 out of 5 stars","-"
"294",13,"Jahan Dotson",ATL,"WR118","11","Coach Upside rating–No rating available","Coach Bust rating–No rating available","3 out of 5 stars","-"
"295",13,"Calvin Austin III",NYG,"WR119","8","Coach Upside rating–No rating available","Coach Bust rating–No rating available","4 out of 5 stars","-"
"296",13,"Joshua Palmer",BUF,"WR120","7","Coach Upside rating–No rating available","Coach Bust rating–No rating available","4 out of 5 stars","-"
"297",13,"Olamide Zaccheaus",ATL,"WR121","11","Coach Upside rating–No rating available","Coach Bust rating–No rating available","3 out of 5 stars","-"
"298",13,"Tyler Higbee",LAR,"TE41","11","Coach Upside rating–No rating available","Coach Bust rating–No rating available","4 out of 5 stars","-"
"299",13,"Jalen Tolbert",MIA,"WR122","6","Coach Upside rating–No rating available","Coach Bust rating–No rating available","3 out of 5 stars","-"
"300",13,"Michael Mayer",LV,"TE42","13","Coach Upside rating–No rating available","Coach Bust rating–No rating available","3 out of 5 stars","-"
"301",13,"Elijah Arroyo",SEA,"TE43","11","Coach Upside rating–No rating available","Coach Bust rating–No rating available","3 out of 5 stars","-"
"302",13,"Bam Knight",ARI,"RB101","14","Coach Upside rating–No rating available","Coach Bust rating–No rating available","2 out of 5 stars","-"
"303",13,"Noah Gray",KC,"TE44","5","Coach Upside rating–No rating available","Coach Bust rating–No rating available","4 out of 5 stars","-"
"304",13,"Ja'Tavion Sanders",CAR,"TE45","5","Coach Upside rating–No rating available","Coach Bust rating–No rating available","2 out of 5 stars","-"
"305",13,"Dawson Knox",BUF,"TE46","7","Coach Upside rating–No rating available","Coach Bust rating–No rating available","3 out of 5 stars","-"
"306",13,"Kendrick Bourne",ARI,"WR123","14","Coach Upside rating–No rating available","Coach Bust rating–No rating available","2 out of 5 stars","-"
"307",13,"Cole Kmet",CHI,"TE47","10","Coach Upside rating–No rating available","Coach Bust rating–No rating available","2 out of 5 stars","-"
"308",13,"DeMario Douglas",NE,"WR124","11","Coach Upside rating–No rating available","Coach Bust rating–No rating available","2 out of 5 stars","-"
"309",13,"Brenen Thompson",LAC,"WR125","7","Coach Upside rating–No rating available","Coach Bust rating–No rating available","2 out of 5 stars","-"
"310",13,"Bryce Lance",NO,"WR126","8","Coach Upside rating–No rating available","Coach Bust rating–No rating available","3 out of 5 stars","-"
"311",13,"Eli Heidenreich",PIT,"RB102","9","Coach Upside rating–No rating available","Coach Bust rating–No rating available","2 out of 5 stars","-"
"312",14,"Dont'e Thornton Jr.",LV,"WR127","13","Coach Upside rating–No rating available","Coach Bust rating–No rating available","2 out of 5 stars","-"
"313",14,"Mac Jones",SF,"QB37","8","Coach Upside rating–No rating available","Coach Bust rating–No rating available","1 out of 5 stars","-"
"314",14,"Xavier Hutchinson",HOU,"WR128","8","Coach Upside rating–No rating available","Coach Bust rating–No rating available","3 out of 5 stars","-"
"315",14,"J'Mari Taylor",JAC,"RB103","7","Coach Upside rating–No rating available","Coach Bust rating–No rating available","4 out of 5 stars","-"
"316",14,"Nick Chubb",FA,"RB104","-","Coach Upside rating–No rating available","Coach Bust rating–No rating available","-","-"
"317",14,"Jawhar Jordan",HOU,"RB105","8","Coach Upside rating–No rating available","Coach Bust rating–No rating available","4 out of 5 stars","-"
"318",14,"Kalif Raymond",CHI,"WR129","10","Coach Upside rating–No rating available","Coach Bust rating–No rating available","3 out of 5 stars","-"
"319",14,"Michael Carter",TEN,"RB106","9","Coach Upside rating–No rating available","Coach Bust rating–No rating available","3 out of 5 stars","-"
"320",14,"Treylon Burks",WAS,"WR130","7","Coach Upside rating–No rating available","Coach Bust rating–No rating available","2 out of 5 stars","-"
"321",14,"Nick Westbrook-Ikhine",IND,"WR131","13","Coach Upside rating–No rating available","Coach Bust rating–No rating available","4 out of 5 stars","-"
"322",14,"KaVontae Turpin",DAL,"WR132","14","Coach Upside rating–No rating available","Coach Bust rating–No rating available","2 out of 5 stars","-"
"323",14,"Tutu Atwell",MIA,"WR133","6","Coach Upside rating–No rating available","Coach Bust rating–No rating available","3 out of 5 stars","-"
"324",14,"Raheim Sanders",CLE,"RB107","11","Coach Upside rating–No rating available","Coach Bust rating–No rating available","3 out of 5 stars","-"
"325",14,"Savion Williams",GB,"WR134","11","Coach Upside rating–No rating available","Coach Bust rating–No rating available","5 out of 5 stars","-"
"326",14,"Jaylin Lane",WAS,"WR135","7","Coach Upside rating–No rating available","Coach Bust rating–No rating available","2 out of 5 stars","-"
"327",14,"Ty Simpson",LAR,"QB38","11","Coach Upside rating–No rating available","Coach Bust rating–No rating available","3 out of 5 stars","-"
"328",14,"Justin Joly",DEN,"TE48","10","Coach Upside rating–No rating available","Coach Bust rating–No rating available","4 out of 5 stars","-"
"329",14,"John Metchie III",CAR,"WR136","5","Coach Upside rating–No rating available","Coach Bust rating–No rating available","2 out of 5 stars","-"
"330",14,"Eli Raridon",NE,"TE49","11","Coach Upside rating–No rating available","Coach Bust rating–No rating available","4 out of 5 stars","-"
"331",14,"Noah Fant",NO,"TE50","8","Coach Upside rating–No rating available","Coach Bust rating–No rating available","2 out of 5 stars","-"
"332",14,"Kevin Coleman Jr.",MIA,"WR137","6","Coach Upside rating–No rating available","Coach Bust rating–No rating available","3 out of 5 stars","-"
"333",14,"Anthony Richardson Sr.",IND,"QB39","13","Coach Upside rating–No rating available","Coach Bust rating–No rating available","4 out of 5 stars","-"
"334",14,"Zavion Thomas",CHI,"WR138","10","Coach Upside rating–No rating available","Coach Bust rating–No rating available","3 out of 5 stars","-"
"335",14,"Justin Fields",KC,"QB40","5","Coach Upside rating–No rating available","Coach Bust rating–No rating available","2 out of 5 stars","-"
"336",14,"Kyle Juszczyk",SF,"RB108","8","Coach Upside rating–No rating available","Coach Bust rating–No rating available","2 out of 5 stars","-"
"337",14,"Carson Beck",ARI,"QB41","14","Coach Upside rating–No rating available","Coach Bust rating–No rating available","2 out of 5 stars","-"
"338",14,"Austin Ekeler",FA,"RB109","-","Coach Upside rating–No rating available","Coach Bust rating–No rating available","-","-"
"339",14,"Devontez Walker",BAL,"WR139","13","Coach Upside rating–No rating available","Coach Bust rating–No rating available","4 out of 5 stars","-"
"340",14,"Greg Dortch",DET,"WR140","6","Coach Upside rating–No rating available","Coach Bust rating–No rating available","4 out of 5 stars","-"
"341",14,"Tommy Tremble",CAR,"TE51","5","Coach Upside rating–No rating available","Coach Bust rating–No rating available","2 out of 5 stars","-"
"342",14,"John Bates",WAS,"TE52","7","Coach Upside rating–No rating available","Coach Bust rating–No rating available","1 out of 5 stars","-"
"343",14,"Joe Milton III",DAL,"QB42","14","Coach Upside rating–No rating available","Coach Bust rating–No rating available","2 out of 5 stars","-"
"344",14,"Luke Musgrave",GB,"TE53","11","Coach Upside rating–No rating available","Coach Bust rating–No rating available","2 out of 5 stars","-"
"345",14,"Erick All Jr.",CIN,"TE54","6","Coach Upside rating–No rating available","Coach Bust rating–No rating available","3 out of 5 stars","-"
"346",14,"Jordan Whittington",LAR,"WR141","11","Coach Upside rating–No rating available","Coach Bust rating–No rating available","1 out of 5 stars","-"
"347",14,"Phil Mafah",DAL,"RB110","14","Coach Upside rating–No rating available","Coach Bust rating–No rating available","4 out of 5 stars","-"
"348",14,"Dameon Pierce",PHI,"RB111","10","Coach Upside rating–No rating available","Coach Bust rating–No rating available","4 out of 5 stars","-"
"349",14,"Dyami Brown",WAS,"WR142","7","Coach Upside rating–No rating available","Coach Bust rating–No rating available","2 out of 5 stars","-"
"350",14,"Cyrus Allen",KC,"WR143","5","Coach Upside rating–No rating available","Coach Bust rating–No rating available","2 out of 5 stars","-"
"351",14,"Jeremy McNichols",WAS,"RB112","7","Coach Upside rating–No rating available","Coach Bust rating–No rating available","4 out of 5 stars","-"
"352",14,"Deion Burks",IND,"WR144","13","Coach Upside rating–No rating available","Coach Bust rating–No rating available","4 out of 5 stars","-"
"353",14,"Daniel Bellinger",TEN,"TE55","9","Coach Upside rating–No rating available","Coach Bust rating–No rating available","3 out of 5 stars","-"
"354",14,"Ben Sinnott",WAS,"TE56","7","Coach Upside rating–No rating available","Coach Bust rating–No rating available","1 out of 5 stars","-"
"355",14,"Terrell Jennings",NE,"RB113","11","Coach Upside rating–No rating available","Coach Bust rating–No rating available","2 out of 5 stars","-"
"356",14,"Austin Hooper",ATL,"TE57","11","Coach Upside rating–No rating available","Coach Bust rating–No rating available","3 out of 5 stars","-"
"357",14,"Tommy Myers",FA,"TE58","-","Coach Upside rating–No rating available","Coach Bust rating–No rating available","-","-"
"358",14,"Antonio Gibson",FA,"RB114","-","Coach Upside rating–No rating available","Coach Bust rating–No rating available","-","-"
"359",14,"Ashton Dulin",IND,"WR145","13","Coach Upside rating–No rating available","Coach Bust rating–No rating available","4 out of 5 stars","-"
"360",14,"Jam Miller",NE,"RB115","11","Coach Upside rating–No rating available","Coach Bust rating–No rating available","2 out of 5 stars","-"
"361",14,"Rasheen Ali",BAL,"RB116","13","Coach Upside rating–No rating available","Coach Bust rating–No rating available","3 out of 5 stars","-"
"362",14,"CJ Daniels",LAR,"WR146","11","Coach Upside rating–No rating available","Coach Bust rating–No rating available","1 out of 5 stars","-"
"363",14,"DeAndre Hopkins",BAL,"WR147","13","Coach Upside rating–No rating available","Coach Bust rating–No rating available","4 out of 5 stars","-"
"364",14,"Marlin Klein",HOU,"TE59","8","Coach Upside rating–No rating available","Coach Bust rating–No rating available","4 out of 5 stars","-"
"365",15,"Odell Beckham Jr.",NYG,"WR148","8","Coach Upside rating–No rating available","Coach Bust rating–No rating available","4 out of 5 stars","-"
"366",15,"Tyler Lockett",LV,"WR149","13","Coach Upside rating–No rating available","Coach Bust rating–No rating available","2 out of 5 stars","-"
"367",15,"Elijah Higgins",ARI,"TE60","14","Coach Upside rating–No rating available","Coach Bust rating–No rating available","2 out of 5 stars","-"
"368",15,"Jaret Patterson",LAC,"RB117","7","Coach Upside rating–No rating available","Coach Bust rating–No rating available","3 out of 5 stars","-"
"369",15,"Roschon Johnson",CHI,"RB118","10","Coach Upside rating–No rating available","Coach Bust rating–No rating available","2 out of 5 stars","-"
"370",15,"Darren Waller",FA,"TE61","-","Coach Upside rating–No rating available","Coach Bust rating–No rating available","-","-"
"371",15,"Dylan Laube",LV,"RB119","13","Coach Upside rating–No rating available","Coach Bust rating–No rating available","2 out of 5 stars","-"
"372",15,"Jonnu Smith",FA,"TE62","-","Coach Upside rating–No rating available","Coach Bust rating–No rating available","-","-"
"373",15,"Miles Sanders",FA,"RB120","-","Coach Upside rating–No rating available","Coach Bust rating–No rating available","-","-"
"374",15,"Jameis Winston",NYG,"QB43","8","Coach Upside rating–No rating available","Coach Bust rating–No rating available","4 out of 5 stars","-"
"375",15,"Damien Martinez",GB,"RB121","11","Coach Upside rating–No rating available","Coach Bust rating–No rating available","4 out of 5 stars","-"
"376",15,"Joe Flacco",CIN,"QB44","6","Coach Upside rating–No rating available","Coach Bust rating–No rating available","3 out of 5 stars","-"
"377",15,"Mitch Tinsley",CIN,"WR150","6","Coach Upside rating–No rating available","Coach Bust rating–No rating available","4 out of 5 stars","-"
"378",15,"Jahdae Walker",CHI,"WR151","10","Coach Upside rating–No rating available","Coach Bust rating–No rating available","3 out of 5 stars","-"
"379",15,"Sterling Shepard",FA,"WR152","-","Coach Upside rating–No rating available","Coach Bust rating–No rating available","-","-"
"380",15,"Xavier Smith",LAR,"WR153","11","Coach Upside rating–No rating available","Coach Bust rating–No rating available","1 out of 5 stars","-"
"381",15,"Marquez Valdes-Scantling",DAL,"WR154","14","Coach Upside rating–No rating available","Coach Bust rating–No rating available","2 out of 5 stars","-"
"382",15,"Charlie Kolar",LAC,"TE63","7","Coach Upside rating–No rating available","Coach Bust rating–No rating available","4 out of 5 stars","-"
"383",15,"Tim Patrick",NYJ,"WR155","13","Coach Upside rating–No rating available","Coach Bust rating–No rating available","4 out of 5 stars","-"
"384",15,"Josh Oliver",MIN,"TE64","6","Coach Upside rating–No rating available","Coach Bust rating–No rating available","4 out of 5 stars","-"
"385",15,"Khalil Herbert",FA,"RB122","-","Coach Upside rating–No rating available","Coach Bust rating–No rating available","-","-"
"386",15,"Hunter Luepke",DAL,"RB123","14","Coach Upside rating–No rating available","Coach Bust rating–No rating available","4 out of 5 stars","-"
"387",15,"Alexander Mattison",FA,"RB124","-","Coach Upside rating–No rating available","Coach Bust rating–No rating available","-","-"
"388",15,"Kevin Austin Jr.",NO,"WR156","8","Coach Upside rating–No rating available","Coach Bust rating–No rating available","3 out of 5 stars","-"
"389",15,"Colbie Young",CIN,"WR157","6","Coach Upside rating–No rating available","Coach Bust rating–No rating available","4 out of 5 stars","-"
"390",15,"Marcus Mariota",WAS,"QB45","7","Coach Upside rating–No rating available","Coach Bust rating–No rating available","2 out of 5 stars","-"
"391",15,"Zach Ertz",FA,"TE65","-","Coach Upside rating–No rating available","Coach Bust rating–No rating available","-","-"
"392",15,"Riley Leonard",IND,"QB46","13","Coach Upside rating–No rating available","Coach Bust rating–No rating available","4 out of 5 stars","-"
"393",15,"Hunter Renfrow",FA,"WR158","-","Coach Upside rating–No rating available","Coach Bust rating–No rating available","-","-"
"394",15,"AJ Dillon",CAR,"RB125","5","Coach Upside rating–No rating available","Coach Bust rating–No rating available","1 out of 5 stars","-"
"395",15,"Luke Schoonmaker",DAL,"TE66","14","Coach Upside rating–No rating available","Coach Bust rating–No rating available","2 out of 5 stars","-"
"396",15,"Elijah Moore",PHI,"WR159","10","Coach Upside rating–No rating available","Coach Bust rating–No rating available","4 out of 5 stars","-"
"397",15,"Demarcus Robinson",SF,"WR160","8","Coach Upside rating–No rating available","Coach Bust rating–No rating available","2 out of 5 stars","-"
"398",15,"Jordan Waters",LAR,"RB126","11","Coach Upside rating–No rating available","Coach Bust rating–No rating available","5 out of 5 stars","-"
"399",15,"Sione Vaki",DET,"RB127","6","Coach Upside rating–No rating available","Coach Bust rating–No rating available","5 out of 5 stars","-"
"400",15,"Raheem Mostert",LV,"RB128","13","Coach Upside rating–No rating available","Coach Bust rating–No rating available","2 out of 5 stars","-"
"401",15,"Adam Trautman",DEN,"TE67","10","Coach Upside rating–No rating available","Coach Bust rating–No rating available","4 out of 5 stars","-"
"402",15,"Brandin Cooks",FA,"WR161","-","Coach Upside rating–No rating available","Coach Bust rating–No rating available","-","-"
"403",15,"Nate Boerkircher",JAC,"TE68","7","Coach Upside rating–No rating available","Coach Bust rating–No rating available","3 out of 5 stars","-"
"404",15,"Tai Felton",MIN,"WR162","6","Coach Upside rating–No rating available","Coach Bust rating–No rating available","5 out of 5 stars","-"
"405",15,"Ty Chandler",NO,"RB129","8","Coach Upside rating–No rating available","Coach Bust rating–No rating available","3 out of 5 stars","-"
"406",15,"Zavier Scott",MIN,"RB130","6","Coach Upside rating–No rating available","Coach Bust rating–No rating available","4 out of 5 stars","-"
"407",15,"Malik Benson",LV,"WR163","13","Coach Upside rating–No rating available","Coach Bust rating–No rating available","2 out of 5 stars","-"
"408",15,"Alec Ingold",LAC,"RB131","7","Coach Upside rating–No rating available","Coach Bust rating–No rating available","3 out of 5 stars","-"
"409",15,"Zay Jones",FA,"WR164","-","Coach Upside rating–No rating available","Coach Bust rating–No rating available","-","-"
"410",15,"Drew Sample",CIN,"TE69","6","Coach Upside rating–No rating available","Coach Bust rating–No rating available","3 out of 5 stars","-"
"411",15,"Patrick Ricard",NYG,"RB132","8","Coach Upside rating–No rating available","Coach Bust rating–No rating available","4 out of 5 stars","-"
"412",15,"Sam Roush",CHI,"TE70","10","Coach Upside rating–No rating available","Coach Bust rating–No rating available","2 out of 5 stars","-"
"413",15,"Myles Montgomery",NE,"RB133","11","Coach Upside rating–No rating available","Coach Bust rating–No rating available","2 out of 5 stars","-"
"414",15,"Mitchell Evans",CAR,"TE71","5","Coach Upside rating–No rating available","Coach Bust rating–No rating available","2 out of 5 stars","-"
"415",15,"Reggie Virgil",ARI,"WR165","14","Coach Upside rating–No rating available","Coach Bust rating–No rating available","2 out of 5 stars","-"
"416",15,"Isaiah Williams",NYJ,"WR166","13","Coach Upside rating–No rating available","Coach Bust rating–No rating available","4 out of 5 stars","-"
"417",15,"Albert Okwuegbunam Jr.",LV,"TE72","13","Coach Upside rating–No rating available","Coach Bust rating–No rating available","3 out of 5 stars","-"
"418",15,"Durham Smythe",BAL,"TE73","13","Coach Upside rating–No rating available","Coach Bust rating–No rating available","4 out of 5 stars","-"
"419",15,"Roman Wilson",PIT,"WR167","9","Coach Upside rating–No rating available","Coach Bust rating–No rating available","3 out of 5 stars","-"
"420",15,"Jakobie Keeney-James",FA,"WR168","-","Coach Upside rating–No rating available","Coach Bust rating–No rating available","-","-"
"421",15,"Van Jefferson",WAS,"WR169","7","Coach Upside rating–No rating available","Coach Bust rating–No rating available","2 out of 5 stars","-"
"422",15,"Pierre Strong Jr.",GB,"RB134","11","Coach Upside rating–No rating available","Coach Bust rating–No rating available","4 out of 5 stars","-"
"423",15,"Ronnie Rivers",LAR,"RB135","11","Coach Upside rating–No rating available","Coach Bust rating–No rating available","5 out of 5 stars","-"
"424",15,"Clyde Edwards-Helaire",FA,"RB136","-","Coach Upside rating–No rating available","Coach Bust rating–No rating available","-","-"
"425",15,"Diontae Johnson",FA,"WR170","-","Coach Upside rating–No rating available","Coach Bust rating–No rating available","-","-"
"426",15,"Cash Jones",ATL,"RB137","11","Coach Upside rating–No rating available","Coach Bust rating–No rating available","2 out of 5 stars","-"
"427",15,"Sincere McCormick",SF,"RB138","8","Coach Upside rating–No rating available","Coach Bust rating–No rating available","2 out of 5 stars","-"
"428",15,"Scotty Miller",CHI,"WR171","10","Coach Upside rating–No rating available","Coach Bust rating–No rating available","3 out of 5 stars","-"
"429",15,"Brittain Brown",CHI,"RB139","10","Coach Upside rating–No rating available","Coach Bust rating–No rating available","2 out of 5 stars","-"
"430",15,"Tanner Hudson",CIN,"TE74","6","Coach Upside rating–No rating available","Coach Bust rating–No rating available","3 out of 5 stars","-"
"431",15,"Ameer Abdullah",JAC,"RB140","7","Coach Upside rating–No rating available","Coach Bust rating–No rating available","4 out of 5 stars","-"
"432",15,"Mecole Hardman Jr.",BUF,"WR172","7","Coach Upside rating–No rating available","Coach Bust rating–No rating available","4 out of 5 stars","-"
"433",15,"Jabari Small",DET,"RB141","6","Coach Upside rating–No rating available","Coach Bust rating–No rating available","5 out of 5 stars","-"
"434",15,"Jermaine Burton",FA,"WR173","-","Coach Upside rating–No rating available","Coach Bust rating–No rating available","-","-"
"435",15,"Lil'Jordan Humphrey",DEN,"WR174","10","Coach Upside rating–No rating available","Coach Bust rating–No rating available","2 out of 5 stars","-"
"436",15,"Cam Akers",FA,"RB142","-","Coach Upside rating–No rating available","Coach Bust rating–No rating available","-","-"
"437",15,"Graig Cooper",FA,"RB143","-","Coach Upside rating–No rating available","Coach Bust rating–No rating available","-","-"
"438",15,"Kendrick Law",DET,"WR175","6","Coach Upside rating–No rating available","Coach Bust rating–No rating available","4 out of 5 stars","-"
"439",15,"Max Bredeson",MIN,"RB144","6","Coach Upside rating–No rating available","Coach Bust rating–No rating available","4 out of 5 stars","-"
"440",15,"Josh Reynolds",FA,"WR176","-","Coach Upside rating–No rating available","Coach Bust rating–No rating available","-","-"
"441",15,"Mo Alie-Cox",IND,"TE75","13","Coach Upside rating–No rating available","Coach Bust rating–No rating available","3 out of 5 stars","-"
"442",15,"Elijah Dotson",FA,"RB145","-","Coach Upside rating–No rating available","Coach Bust rating–No rating available","-","-"
"443",15,"Frank Gore Jr.",BUF,"RB146","7","Coach Upside rating–No rating available","Coach Bust rating–No rating available","2 out of 5 stars","-"
"444",15,"Jacardia Wright",SEA,"RB147","11","Coach Upside rating–No rating available","Coach Bust rating–No rating available","4 out of 5 stars","-"
"445",15,"Reggie Gilliam",NE,"RB148","11","Coach Upside rating–No rating available","Coach Bust rating–No rating available","2 out of 5 stars","-"
"446",15,"Adam Prentice",DEN,"RB149","10","Coach Upside rating–No rating available","Coach Bust rating–No rating available","2 out of 5 stars","-"
"447",15,"Jake Bobo",SEA,"WR177","11","Coach Upside rating–No rating available","Coach Bust rating–No rating available","3 out of 5 stars","-"
"448",15,"Nathan Carter",ATL,"RB150","11","Coach Upside rating–No rating available","Coach Bust rating–No rating available","2 out of 5 stars","-"
"449",15,"Jacob Saylors",DET,"RB151","6","Coach Upside rating–No rating available","Coach Bust rating–No rating available","5 out of 5 stars","-"
"450",15,"Isaiah Williams",FA,"WR178","-","Coach Upside rating–No rating available","Coach Bust rating–No rating available","-","-"
"451",15,"Ja'Lynn Polk",NO,"WR179","8","Coach Upside rating–No rating available","Coach Bust rating–No rating available","3 out of 5 stars","-"
"452",15,"Miles Davis",CAR,"RB152","5","Coach Upside rating–No rating available","Coach Bust rating–No rating available","1 out of 5 stars","-"
"453",16,"Brock Wright",DET,"TE76","6","Coach Upside rating–No rating available","Coach Bust rating–No rating available","3 out of 5 stars","-"
"454",16,"Kye Robichaux",DET,"RB153","6","Coach Upside rating–No rating available","Coach Bust rating–No rating available","5 out of 5 stars","-"
"455",16,"Robert Henry Jr.",WAS,"RB154","7","Coach Upside rating–No rating available","Coach Bust rating–No rating available","4 out of 5 stars","-"
"456",16,"Kalel Mullings",TEN,"RB155","9","Coach Upside rating–No rating available","Coach Bust rating–No rating available","3 out of 5 stars","-"
"457",16,"Noah Whittington",HOU,"RB156","8","Coach Upside rating–No rating available","Coach Bust rating–No rating available","4 out of 5 stars","-"
"458",16,"Dontae McMillan",BAL,"RB157","13","Coach Upside rating–No rating available","Coach Bust rating–No rating available","3 out of 5 stars","-"
"459",16,"Barion Brown",NO,"WR180","8","Coach Upside rating–No rating available","Coach Bust rating–No rating available","3 out of 5 stars","-"
"460",16,"Xavier Restrepo",TEN,"WR181","9","Coach Upside rating–No rating available","Coach Bust rating–No rating available","3 out of 5 stars","-"
"461",16,"Devonte Boyd",FA,"WR182","-","Coach Upside rating–No rating available","Coach Bust rating–No rating available","-","-"
"462",16,"Elijah Tau-Tolliver",BAL,"RB158","13","Coach Upside rating–No rating available","Coach Bust rating–No rating available","3 out of 5 stars","-"
"463",16,"Donovan Edwards",MIA,"RB159","6","Coach Upside rating–No rating available","Coach Bust rating–No rating available","3 out of 5 stars","-"
"464",16,"Myles Price",MIN,"WR183","6","Coach Upside rating–No rating available","Coach Bust rating–No rating available","5 out of 5 stars","-"
"465",16,"Tyler Goodson",ATL,"RB160","11","Coach Upside rating–No rating available","Coach Bust rating–No rating available","2 out of 5 stars","-"
"466",16,"Michael Woods II",FA,"WR184","-","Coach Upside rating–No rating available","Coach Bust rating–No rating available","-","-"
"467",16,"Taysom Hill",FA,"TE77","-","Coach Upside rating–No rating available","Coach Bust rating–No rating available","-","-"
"468",16,"Russell Gage Jr.",FA,"WR185","-","Coach Upside rating–No rating available","Coach Bust rating–No rating available","-","-"
"469",16,"Quez Watkins",PHI,"WR186","10","Coach Upside rating–No rating available","Coach Bust rating–No rating available","4 out of 5 stars","-"
"470",16,"Montorie Foster Jr.",SEA,"WR187","11","Coach Upside rating–No rating available","Coach Bust rating–No rating available","3 out of 5 stars","-"
"471",16,"Jared Wiley",KC,"TE78","5","Coach Upside rating–No rating available","Coach Bust rating–No rating available","4 out of 5 stars","-"
"472",16,"Myles Gaskin",FA,"RB161","-","Coach Upside rating–No rating available","Coach Bust rating–No rating available","-","-"
"473",16,"Ronnie Bell",NO,"WR188","8","Coach Upside rating–No rating available","Coach Bust rating–No rating available","3 out of 5 stars","-"
"474",16,"Nate Adkins",DEN,"TE79","10","Coach Upside rating–No rating available","Coach Bust rating–No rating available","4 out of 5 stars","-"
"475",16,"Moliki Matavao",NO,"TE80","8","Coach Upside rating–No rating available","Coach Bust rating–No rating available","2 out of 5 stars","-"
"476",16,"Tyler Conklin",DET,"TE81","6","Coach Upside rating–No rating available","Coach Bust rating–No rating available","3 out of 5 stars","-"
"477",16,"Kendric Pryor",CIN,"WR189","6","Coach Upside rating–No rating available","Coach Bust rating–No rating available","4 out of 5 stars","-"
"478",16,"Michael Briscoe",MIN,"WR190","6","Coach Upside rating–No rating available","Coach Bust rating–No rating available","5 out of 5 stars","-"
"479",16,"Cedrick Wilson Jr.",DET,"WR191","6","Coach Upside rating–No rating available","Coach Bust rating–No rating available","4 out of 5 stars","-"
"480",16,"Ray-Ray McCloud III",FA,"WR192","-","Coach Upside rating–No rating available","Coach Bust rating–No rating available","-","-"
"481",16,"Michael Bandy",DEN,"WR193","10","Coach Upside rating–No rating available","Coach Bust rating–No rating available","2 out of 5 stars","-"
"482",16,"Roman Hemby",LV,"RB162","13","Coach Upside rating–No rating available","Coach Bust rating–No rating available","2 out of 5 stars","-"
"483",16,"Jordan Watkins",SF,"WR194","8","Coach Upside rating–No rating available","Coach Bust rating–No rating available","2 out of 5 stars","-"
"484",16,"Anthony Gould",IND,"WR195","13","Coach Upside rating–No rating available","Coach Bust rating–No rating available","4 out of 5 stars","-"
"485",16,"Michael Trigg",DAL,"TE82","14","Coach Upside rating–No rating available","Coach Bust rating–No rating available","2 out of 5 stars","-"
"486",16,"Gabe Davis",FA,"WR196","-","Coach Upside rating–No rating available","Coach Bust rating–No rating available","-","-"
"487",16,"David Sills V",TB,"WR197","10","Coach Upside rating–No rating available","Coach Bust rating–No rating available","4 out of 5 stars","-"
"488",16,"Tyler Badie",DEN,"RB163","10","Coach Upside rating–No rating available","Coach Bust rating–No rating available","2 out of 5 stars","-"
"489",16,"Will Kacmarek",MIA,"TE83","6","Coach Upside rating–No rating available","Coach Bust rating–No rating available","5 out of 5 stars","-"
"490",16,"Jack Endries",CIN,"TE84","6","Coach Upside rating–No rating available","Coach Bust rating–No rating available","3 out of 5 stars","-"
"491",16,"Miles Kitselman",DET,"TE85","6","Coach Upside rating–No rating available","Coach Bust rating–No rating available","3 out of 5 stars","-"
"492",16,"Skyy Moore",GB,"WR198","11","Coach Upside rating–No rating available","Coach Bust rating–No rating available","5 out of 5 stars","-"
"493",16,"Michael Burton",CLE,"RB164","11","Coach Upside rating–No rating available","Coach Bust rating–No rating available","3 out of 5 stars","-"
"494",16,"Royce Freeman",FA,"RB165","-","Coach Upside rating–No rating available","Coach Bust rating–No rating available","-","-"
"495",16,"Lew Nichols III",PIT,"RB166","9","Coach Upside rating–No rating available","Coach Bust rating–No rating available","2 out of 5 stars","-"
"496",16,"Desmond Reid",FA,"RB167","-","Coach Upside rating–No rating available","Coach Bust rating–No rating available","-","-"
"497",16,"Jackson Hawes",BUF,"TE86","7","Coach Upside rating–No rating available","Coach Bust rating–No rating available","3 out of 5 stars","-"
"498",16,"Thomas Fidone II",NYG,"TE87","8","Coach Upside rating–No rating available","Coach Bust rating–No rating available","3 out of 5 stars","-"
"499",16,"Tanner Koziol",JAC,"TE88","7","Coach Upside rating–No rating available","Coach Bust rating–No rating available","3 out of 5 stars","-"
"500",16,"Michael Wortham",JAC,"WR199","7","Coach Upside rating–No rating available","Coach Bust rating–No rating available","4 out of 5 stars","-"
"501",16,"Velus Jones Jr.",SEA,"WR200","11","Coach Upside rating–No rating available","Coach Bust rating–No rating available","3 out of 5 stars","-"
"502",16,"Travis Homer",PIT,"RB168","9","Coach Upside rating–No rating available","Coach Bust rating–No rating available","2 out of 5 stars","-"
"503",16,"Will Mallory",IND,"TE89","13","Coach Upside rating–No rating available","Coach Bust rating–No rating available","3 out of 5 stars","-"
"504",16,"Zamir White",LV,"RB169","13","Coach Upside rating–No rating available","Coach Bust rating–No rating available","2 out of 5 stars","-"
"505",16,"Jonathan Mingo",DAL,"WR201","14","Coach Upside rating–No rating available","Coach Bust rating–No rating available","2 out of 5 stars","-"
"506",16,"Xavier Weaver",ARI,"WR202","14","Coach Upside rating–No rating available","Coach Bust rating–No rating available","2 out of 5 stars","-"
"507",16,"British Brooks",HOU,"RB170","8","Coach Upside rating–No rating available","Coach Bust rating–No rating available","4 out of 5 stars","-"
"508",16,"Jaydn Ott",KC,"RB171","5","Coach Upside rating–No rating available","Coach Bust rating–No rating available","3 out of 5 stars","-"
"509",16,"Noah Brown",FA,"WR203","-","Coach Upside rating–No rating available","Coach Bust rating–No rating available","-","-"
"510",16,"Matt Hibner",BAL,"TE90","13","Coach Upside rating–No rating available","Coach Bust rating–No rating available","4 out of 5 stars","-"
"511",16,"Josh Cameron",JAC,"WR204","7","Coach Upside rating–No rating available","Coach Bust rating–No rating available","4 out of 5 stars","-"
"512",16,"JuJu Smith-Schuster",NYG,"WR205","8","Coach Upside rating–No rating available","Coach Bust rating–No rating available","4 out of 5 stars","-"
"513",16,"Chip Trayanum",NYJ,"RB172","13","Coach Upside rating–No rating available","Coach Bust rating–No rating available","3 out of 5 stars","-"
"514",16,"Arian Smith",NYJ,"WR206","13","Coach Upside rating–No rating available","Coach Bust rating–No rating available","4 out of 5 stars","-"
"515",16,"Derius Davis",LAC,"WR207","7","Coach Upside rating–No rating available","Coach Bust rating–No rating available","2 out of 5 stars","-"
"516",16,"Kaden Wetjen",PIT,"WR208","9","Coach Upside rating–No rating available","Coach Bust rating–No rating available","3 out of 5 stars","-"
"517",16,"Khalil Dinkins",SF,"TE91","8","Coach Upside rating–No rating available","Coach Bust rating–No rating available","3 out of 5 stars","-"
"518",16,"Jimmy Horn Jr.",CAR,"WR209","5","Coach Upside rating–No rating available","Coach Bust rating–No rating available","2 out of 5 stars","-"
"519",16,"Foster Moreau",HOU,"TE92","8","Coach Upside rating–No rating available","Coach Bust rating–No rating available","4 out of 5 stars","-"
"520",16,"Ben Skowronek",PIT,"WR210","9","Coach Upside rating–No rating available","Coach Bust rating–No rating available","3 out of 5 stars","-"
"521",16,"Emmanuel Henderson Jr.",SEA,"WR211","11","Coach Upside rating–No rating available","Coach Bust rating–No rating available","3 out of 5 stars","-"
"522",16,"Trey Palmer",NO,"WR212","8","Coach Upside rating–No rating available","Coach Bust rating–No rating available","3 out of 5 stars","-"
"523",16,"Theo Wease Jr.",MIA,"WR213","6","Coach Upside rating–No rating available","Coach Bust rating–No rating available","3 out of 5 stars","-"
"524",16,"KeAndre Lambert-Smith",LAC,"WR214","7","Coach Upside rating–No rating available","Coach Bust rating–No rating available","2 out of 5 stars","-"
"525",16,"Patrick Taylor Jr.",SF,"RB173","8","Coach Upside rating–No rating available","Coach Bust rating–No rating available","2 out of 5 stars","-"
"526",16,"Terion Stewart",KC,"RB174","5","Coach Upside rating–No rating available","Coach Bust rating–No rating available","3 out of 5 stars","-"
"527",16,"Bub Means",NO,"WR215","8","Coach Upside rating–No rating available","Coach Bust rating–No rating available","3 out of 5 stars","-"
"528",16,"Anthony Hankerson",MIA,"RB175","6","Coach Upside rating–No rating available","Coach Bust rating–No rating available","3 out of 5 stars","-"
"529",16,"Kendall Milton",CIN,"RB176","6","Coach Upside rating–No rating available","Coach Bust rating–No rating available","2 out of 5 stars","-"
"530",16,"David Moore",CAR,"WR216","5","Coach Upside rating–No rating available","Coach Bust rating–No rating available","2 out of 5 stars","-"
"531",16,"Jeshaun Jones",MIN,"WR217","6","Coach Upside rating–No rating available","Coach Bust rating–No rating available","5 out of 5 stars","-"
"532",16,"Will Dissly",FA,"TE93","-","Coach Upside rating–No rating available","Coach Bust rating–No rating available","-","-"
"533",16,"Gus Edwards",FA,"RB177","-","Coach Upside rating–No rating available","Coach Bust rating–No rating available","-","-"
"534",16,"Curtis Samuel",FA,"WR218","-","Coach Upside rating–No rating available","Coach Bust rating–No rating available","-","-"
"535",16,"Jacob Cowing",SF,"WR219","8","Coach Upside rating–No rating available","Coach Bust rating–No rating available","2 out of 5 stars","-"
"536",16,"Juice Wells Jr.",ATL,"WR220","11","Coach Upside rating–No rating available","Coach Bust rating–No rating available","3 out of 5 stars","-"
"537",16,"Elijah Mitchell",PHI,"RB178","10","Coach Upside rating–No rating available","Coach Bust rating–No rating available","4 out of 5 stars","-"
"538",16,"Trey Sermon",FA,"RB179","-","Coach Upside rating–No rating available","Coach Bust rating–No rating available","-","-"
"539",16,"Ja'Quinden Jackson",FA,"RB180","-","Coach Upside rating–No rating available","Coach Bust rating–No rating available","-","-"